Plant Type,lat,lon,geometry
Poison Ivy,50.6970775042,-120.3718330818,POINT (-120.3718330818 50.6970775042)
Poison Ivy,39.8058089,-105.2718606,POINT (-105.2718606 39.8058089)
Poison Ivy,43.96662167,-78.62013833,POINT (-78.62013833 43.96662167)
Poison Ivy,47.3497814,-95.1727228,POINT (-95.1727228 47.3497814)
Poison Ivy,39.5209525,-77.5871945,POINT (-77.5871945 39.5209525)
Poison Ivy,42.5988076164,-76.1902639657,POINT (-76.1902639657 42.5988076164)
Poison Ivy,44.4699830999,-80.1032399803,POINT (-80.1032399803 44.4699830999)
Poison Ivy,41.6639847713,-87.0584764625,POINT (-87.0584764625 41.6639847713)
Poison Ivy,46.9362910884,-94.8569910229,POINT (-94.8569910229 46.9362910884)
Poison Ivy,45.5005075803,-73.5915502222,POINT (-73.5915502222 45.5005075803)
Poison Ivy,44.3733527778,-78.155625,POINT (-78.155625 44.3733527778)
Poison Ivy,46.9390145364,-94.8537368328,POINT (-94.8537368328 46.9390145364)
Poison Ivy,46.9369683462,-94.8564223108,POINT (-94.8564223108 46.9369683462)
Poison Ivy,44.7161222222,-65.4367611111,POINT (-65.4367611111 44.7161222222)
Poison Ivy,44.4700755564,-80.1033737457,POINT (-80.1033737457 44.4700755564)
Poison Ivy,44.1370299,-77.7918712997,POINT (-77.79187129970001 44.1370299)
Poison Ivy,45.3873530581,-77.7172880738,POINT (-77.71728807380001 45.3873530581)
Poison Ivy,44.7818132481,-81.1282841301,POINT (-81.1282841301 44.7818132481)
Poison Ivy,45.373695,-75.74852,POINT (-75.74852 45.373695)
Poison Ivy,43.2898229722,-79.935612,POINT (-79.93561200000001 43.2898229722)
Poison Ivy,47.35078333,-95.17369167,POINT (-95.17369167 47.35078333)
Poison Ivy,44.6344955775,-81.2508142854,POINT (-81.2508142854 44.6344955775)
Poison Ivy,46.0336494366,-78.5063381703,POINT (-78.5063381703 46.0336494366)
Poison Ivy,46.3383182778,-79.5607445833,POINT (-79.56074458330001 46.3383182778)
Poison Ivy,45.3654743099,-92.9038555993,POINT (-92.9038555993 45.3654743099)
Poison Ivy,47.348446699,-95.1631925619,POINT (-95.1631925619 47.348446699)
Poison Ivy,45.1030104468,-79.5202491247,POINT (-79.5202491247 45.1030104468)
Poison Ivy,44.7944851568,-93.4169806056,POINT (-93.4169806056 44.7944851568)
Poison Ivy,45.406825,-93.65674667,POINT (-93.65674667 45.406825)
Poison Ivy,35.8895519485,-106.3053478142,POINT (-106.3053478142 35.8895519485)
Poison Ivy,39.84417167,-105.218375,POINT (-105.218375 39.84417167)
Poison Ivy,46.1695860556,-83.0093505278,POINT (-83.0093505278 46.1695860556)
Poison Ivy,44.9765619676,-93.320348663,POINT (-93.320348663 44.9765619676)
Poison Ivy,43.45664319,-80.25325916,POINT (-80.25325916 43.45664319)
Poison Ivy,50.4053603827,-103.6558606848,POINT (-103.6558606848 50.4053603827)
Poison Ivy,44.7751694444,-93.3425694444,POINT (-93.3425694444 44.7751694444)
Poison Ivy,50.49049237,-97.03163731,POINT (-97.03163730999999 50.49049237)
Poison Ivy,50.1522574119,-96.9315953542,POINT (-96.9315953542 50.1522574119)
Poison Ivy,43.9020071857,-77.0116861712,POINT (-77.0116861712 43.9020071857)
Poison Ivy,44.7221665427,-79.0012816132,POINT (-79.00128161320001 44.7221665427)
Poison Ivy,49.8174135611,-97.2240935274,POINT (-97.2240935274 49.8174135611)
Poison Ivy,46.4289274486,-94.482152816,POINT (-94.482152816 46.4289274486)
Poison Ivy,45.8583583265,-77.6932282669,POINT (-77.69322826689999 45.8583583265)
Poison Ivy,46.5779279404,-87.4445978154,POINT (-87.4445978154 46.5779279404)
Poison Ivy,46.2758116737,-88.996283624,POINT (-88.996283624 46.2758116737)
Poison Ivy,45.14775827,-80.04766084,POINT (-80.04766084000001 45.14775827)
Poison Ivy,43.6511242353,-79.9141377067,POINT (-79.9141377067 43.6511242353)
Poison Ivy,45.159639,-76.1487404,POINT (-76.14874039999999 45.159639)
Poison Ivy,49.8269532994,-102.32648707,POINT (-102.32648707 49.8269532994)
Poison Ivy,45.256871,-75.931112,POINT (-75.931112 45.256871)
Poison Ivy,50.0254477092,-96.885425344,POINT (-96.885425344 50.0254477092)
Poison Ivy,40.00134722,-105.295495,POINT (-105.295495 40.00134722)
Poison Ivy,48.44866111,-91.78337355,POINT (-91.78337354999999 48.44866111)
Poison Ivy,45.841278,-86.687949,POINT (-86.687949 45.841278)
Poison Ivy,48.1608416667,-90.0798944444,POINT (-90.0798944444 48.1608416667)
Poison Ivy,46.87073833,-96.44550333,POINT (-96.44550332999999 46.87073833)
Poison Ivy,43.7304166,-72.5912787,POINT (-72.5912787 43.7304166)
Poison Ivy,39.8838379722,-105.073333,POINT (-105.073333 39.8838379722)
Poison Ivy,44.8389595525,-80.0287800282,POINT (-80.0287800282 44.8389595525)
Poison Ivy,39.9247861111,-105.2929388889,POINT (-105.2929388889 39.9247861111)
Poison Ivy,45.9007068503,-86.6453095332,POINT (-86.64530953320001 45.9007068503)
Poison Ivy,45.9836111111,-66.7608333333,POINT (-66.7608333333 45.9836111111)
Poison Ivy,44.0586447169,-79.32680121,POINT (-79.32680121 44.0586447169)
Poison Ivy,44.2924166667,-78.0544888889,POINT (-78.0544888889 44.2924166667)
Poison Ivy,50.69928333,-120.46096667,POINT (-120.46096667 50.69928333)
Poison Ivy,45.148475,-121.1202527778,POINT (-121.1202527778 45.148475)
Poison Ivy,45.3553574632,-75.6751674775,POINT (-75.6751674775 45.3553574632)
Poison Ivy,44.3186983333,-78.26573,POINT (-78.26573 44.3186983333)
Poison Ivy,47.4733472222,-87.8039555556,POINT (-87.8039555556 47.4733472222)
Poison Ivy,47.92809218,-117.35489429,POINT (-117.35489429 47.92809218)
Poison Ivy,46.5986216667,-64.11399,POINT (-64.11399 46.5986216667)
Poison Ivy,44.7355571865,-79.7920883868,POINT (-79.7920883868 44.7355571865)
Poison Ivy,41.22959167,-111.92637,POINT (-111.92637 41.22959167)
Poison Ivy,44.267575,-78.1530305556,POINT (-78.1530305556 44.267575)
Poison Ivy,45.560395,-73.4944230556,POINT (-73.4944230556 45.560395)
Poison Ivy,44.551151974,-94.991024713,POINT (-94.991024713 44.551151974)
Poison Ivy,46.5176,-90.302659,POINT (-90.30265900000001 46.5176)
Poison Ivy,44.9893645887,-76.3554406049,POINT (-76.3554406049 44.9893645887)
Poison Ivy,44.2447004335,-68.6771788614,POINT (-68.67717886139999 44.2447004335)
Poison Ivy,39.2082563004,-105.0853142812,POINT (-105.0853142812 39.2082563004)
Poison Ivy,49.89722833,-97.11319717,POINT (-97.11319717000001 49.89722833)
Poison Ivy,44.55123,-94.99102,POINT (-94.99102000000001 44.55123)
Poison Ivy,45.3208547222,-75.8016863889,POINT (-75.80168638889999 45.3208547222)
Poison Ivy,47.1921821918,-95.2303261695,POINT (-95.2303261695 47.1921821918)
Poison Ivy,47.6756468611,-117.2031543611,POINT (-117.2031543611 47.6756468611)
Poison Ivy,52.166725,-106.6062916667,POINT (-106.6062916667 52.166725)
Poison Ivy,44.2800138889,-78.1338277778,POINT (-78.13382777779999 44.2800138889)
Poison Ivy,39.3946305399,-105.1417506235,POINT (-105.1417506235 39.3946305399)
Poison Ivy,46.5961016667,-63.8314866667,POINT (-63.8314866667 46.5961016667)
Poison Ivy,45.43053,-73.42449167,POINT (-73.42449166999999 45.43053)
Poison Ivy,43.2482354,-81.8224354,POINT (-81.8224354 43.2482354)
Poison Ivy,44.2984111111,-78.0872722222,POINT (-78.0872722222 44.2984111111)
Poison Ivy,45.6684713889,-73.5110130556,POINT (-73.5110130556 45.6684713889)
Poison Ivy,50.573925,-121.303115,POINT (-121.303115 50.573925)
Poison Ivy,44.3037694444,-78.0746388889,POINT (-78.0746388889 44.3037694444)
Poison Ivy,44.12296383,-79.49252167,POINT (-79.49252167 44.12296383)
Poison Ivy,46.620755,-63.95755,POINT (-63.95755 46.620755)
Poison Ivy,44.3058277778,-78.4292305556,POINT (-78.4292305556 44.3058277778)
Poison Ivy,52.10715271,-106.68669701,POINT (-106.68669701 52.10715271)
Poison Ivy,39.77441333,-105.12863883,POINT (-105.12863883 39.77441333)
Poison Ivy,49.038606101,-119.4661726746,POINT (-119.4661726746 49.038606101)
Poison Ivy,50.742543554,-120.5163261775,POINT (-120.5163261775 50.742543554)
Poison Ivy,50.7392956922,-120.5179870271,POINT (-120.5179870271 50.7392956922)
Poison Ivy,44.55085997,-94.99106999,POINT (-94.99106999 44.55085997)
Poison Ivy,49.9267760347,-119.5108220162,POINT (-119.5108220162 49.9267760347)
Poison Ivy,49.09577426,-119.52236389,POINT (-119.52236389 49.09577426)
Poison Ivy,44.55084167,-94.99072167,POINT (-94.99072167 44.55084167)
Poison Ivy,40.63295833,-111.86192167,POINT (-111.86192167 40.63295833)
Poison Ivy,46.7027861111,-72.0887,POINT (-72.0887 46.7027861111)
Poison Ivy,46.9778290278,-84.5343174444,POINT (-84.5343174444 46.9778290278)
Poison Ivy,50.35537917,-96.2130653301,POINT (-96.21306533009999 50.35537917)
Poison Ivy,49.5643874975,-119.6251778944,POINT (-119.6251778944 49.5643874975)
Poison Ivy,42.9926629365,-72.3087141105,POINT (-72.30871411050001 42.9926629365)
Poison Ivy,50.1704700524,-120.5437509624,POINT (-120.5437509624 50.1704700524)
Poison Ivy,47.8118700849,-92.4192247123,POINT (-92.41922471229999 47.8118700849)
Poison Ivy,44.8330925134,-80.0216889411,POINT (-80.0216889411 44.8330925134)
Poison Ivy,44.566475,-78.124275,POINT (-78.124275 44.566475)
Poison Ivy,44.3687896669,-78.2868060938,POINT (-78.2868060938 44.3687896669)
Poison Ivy,46.5447283333,-64.09246,POINT (-64.09246 46.5447283333)
Poison Ivy,39.4653627,-76.8151809,POINT (-76.8151809 39.4653627)
Poison Ivy,44.5516727027,-94.9915573654,POINT (-94.9915573654 44.5516727027)
Poison Ivy,44.67619667,-93.05895283,POINT (-93.05895283 44.67619667)
Poison Ivy,50.0144219841,-96.9201266947,POINT (-96.9201266947 50.0144219841)
Poison Ivy,45.64752,-62.4544,POINT (-62.4544 45.64752)
Poison Ivy,44.4701100917,-80.1037479088,POINT (-80.1037479088 44.4701100917)
Poison Ivy,46.0273926111,-81.7696736667,POINT (-81.7696736667 46.0273926111)
Poison Ivy,44.5802161646,-78.0805165653,POINT (-78.0805165653 44.5802161646)
Poison Ivy,46.331723,-83.917312,POINT (-83.917312 46.331723)
Poison Ivy,39.3821473689,-104.7104356023,POINT (-104.7104356023 39.3821473689)
Poison Ivy,39.3787907102,-104.7898261749,POINT (-104.7898261749 39.3787907102)
Poison Ivy,45.8945508628,-66.6908250657,POINT (-66.6908250657 45.8945508628)
Poison Ivy,49.2420606674,-119.5883804789,POINT (-119.5883804789 49.2420606674)
Poison Ivy,49.8773379468,-97.2255156934,POINT (-97.2255156934 49.8773379468)
Poison Ivy,39.51822167,-105.07778883,POINT (-105.07778883 39.51822167)
Poison Ivy,45.276316,-75.795843,POINT (-75.795843 45.276316)
Poison Ivy,50.573616,-121.303665,POINT (-121.303665 50.573616)
Poison Ivy,50.62795522,-96.50965633,POINT (-96.50965633 50.62795522)
Poison Ivy,50.6266395601,-96.51155244,POINT (-96.51155244 50.6266395601)
Poison Ivy,46.54091,-64.094845,POINT (-64.09484500000001 46.54091)
Poison Ivy,46.9164325016,-64.1973410547,POINT (-64.1973410547 46.9164325016)
Poison Ivy,44.3083161534,-78.3943689052,POINT (-78.3943689052 44.3083161534)
Poison Ivy,43.2377014783,-81.8627540537,POINT (-81.8627540537 43.2377014783)
Poison Ivy,44.8457843505,-80.0036401262,POINT (-80.0036401262 44.8457843505)
Poison Ivy,40.79096667,-111.87857833,POINT (-111.87857833 40.79096667)
Poison Ivy,47.2349234,-95.2015101,POINT (-95.20151009999999 47.2349234)
Poison Ivy,44.54161167,-89.27648833,POINT (-89.27648833000001 44.54161167)
Poison Ivy,46.4333013772,-87.5811607323,POINT (-87.58116073230001 46.4333013772)
Poison Ivy,44.2747166544,-78.2653217367,POINT (-78.2653217367 44.2747166544)
Poison Ivy,39.74506667,-105.16629167,POINT (-105.16629167 39.74506667)
Poison Ivy,46.9023676822,-94.3833681475,POINT (-94.38336814749999 46.9023676822)
Poison Ivy,39.9521626,-74.9177086,POINT (-74.9177086 39.9521626)
Poison Ivy,46.5440645311,-64.0932602862,POINT (-64.09326028620001 46.5440645311)
Poison Ivy,44.8314613406,-80.0164902504,POINT (-80.0164902504 44.8314613406)
Poison Ivy,44.841785014,-79.8730823948,POINT (-79.87308239479999 44.841785014)
Poison Ivy,47.7963316667,-79.8851516667,POINT (-79.8851516667 47.7963316667)
Poison Ivy,49.9024689855,-99.5782294124,POINT (-99.57822941240001 49.9024689855)
Poison Ivy,44.7812306974,-79.7104213877,POINT (-79.71042138769999 44.7812306974)
Poison Ivy,50.779125,-121.0780555556,POINT (-121.0780555556 50.779125)
Poison Ivy,50.7809333333,-121.0821222222,POINT (-121.0821222222 50.7809333333)
Poison Ivy,45.555502,-74.452935,POINT (-74.452935 45.555502)
Poison Ivy,44.27082833,-77.79808833,POINT (-77.79808833 44.27082833)
Poison Ivy,45.87343333,-76.85588833,POINT (-76.85588833 45.87343333)
Poison Ivy,45.361715471,-75.866157273,POINT (-75.866157273 45.361715471)
Poison Ivy,42.0131763,-71.3198518,POINT (-71.3198518 42.0131763)
Poison Ivy,46.2282652302,-79.3761530286,POINT (-79.3761530286 46.2282652302)
Poison Ivy,33.2692735278,-109.3422182277,POINT (-109.3422182277 33.2692735278)
Poison Ivy,49.6795471,-99.2285605,POINT (-99.2285605 49.6795471)
Poison Ivy,45.3834099829,-75.7226024759,POINT (-75.7226024759 45.3834099829)
Poison Ivy,44.7285041052,-79.839145308,POINT (-79.839145308 44.7285041052)
Poison Ivy,44.2920168707,-78.1156324983,POINT (-78.1156324983 44.2920168707)
Poison Ivy,42.4672761195,-87.9351479001,POINT (-87.93514790010001 42.4672761195)
Poison Ivy,44.62305,-78.8498616667,POINT (-78.84986166669999 44.62305)
Poison Ivy,44.126436399,-94.3495269736,POINT (-94.34952697360001 44.126436399)
Poison Ivy,50.006511722,-96.8828491201,POINT (-96.8828491201 50.006511722)
Poison Ivy,50.01495762,-96.91571429,POINT (-96.91571429 50.01495762)
Poison Ivy,47.69754313,-117.31131582,POINT (-117.31131582 47.69754313)
Poison Ivy,50.0147142401,-96.9145869099,POINT (-96.9145869099 50.0147142401)
Poison Ivy,50.698037224,-120.4551950512,POINT (-120.4551950512 50.698037224)
Poison Ivy,43.2698578868,-81.8215304297,POINT (-81.8215304297 43.2698578868)
Poison Ivy,44.1389263748,-92.4890355674,POINT (-92.48903556739999 44.1389263748)
Poison Ivy,39.321946822,-104.659621577,POINT (-104.659621577 39.321946822)
Poison Ivy,43.8211069459,-79.1686085903,POINT (-79.1686085903 43.8211069459)
Poison Ivy,43.3494553,-80.3604709,POINT (-80.3604709 43.3494553)
Poison Ivy,45.7044694621,-87.9061618704,POINT (-87.9061618704 45.7044694621)
Poison Ivy,46.6635401715,-87.4459133648,POINT (-87.44591336480001 46.6635401715)
Poison Ivy,46.601355,-95.56755833,POINT (-95.56755833 46.601355)
Poison Ivy,51.0655811178,-106.4778243259,POINT (-106.4778243259 51.0655811178)
Poison Ivy,45.01858883,-79.81590333,POINT (-79.81590333 45.01858883)
Poison Ivy,43.6969886505,-79.3599431154,POINT (-79.3599431154 43.6969886505)
Poison Ivy,44.717625,-93.0993195,POINT (-93.09931949999999 44.717625)
Poison Ivy,50.18065,-119.3416055556,POINT (-119.3416055556 50.18065)
Poison Ivy,44.2609939782,-78.2474368902,POINT (-78.24743689020001 44.2609939782)
Poison Ivy,49.419842,-94.050041,POINT (-94.05004099999999 49.419842)
Poison Ivy,44.8491217251,-76.2039970429,POINT (-76.2039970429 44.8491217251)
Poison Ivy,44.1438790873,-72.4021621876,POINT (-72.4021621876 44.1438790873)
Poison Ivy,49.0914476,-98.0933179,POINT (-98.0933179 49.0914476)
Poison Ivy,44.4525950248,-94.7201330725,POINT (-94.7201330725 44.4525950248)
Poison Ivy,43.2533935309,-81.8335363828,POINT (-81.83353638280001 43.2533935309)
Poison Ivy,44.4779056994,-78.4531187302,POINT (-78.4531187302 44.4779056994)
Poison Ivy,42.9406306,-88.4814069,POINT (-88.4814069 42.9406306)
Poison Ivy,44.985825,-93.53556167,POINT (-93.53556167000001 44.985825)
Poison Ivy,44.37358,-121.13500283,POINT (-121.13500283 44.37358)
Poison Ivy,45.2956683935,-75.8074715589,POINT (-75.8074715589 45.2956683935)
Poison Ivy,46.6529439722,-86.0593439722,POINT (-86.0593439722 46.6529439722)
Poison Ivy,39.5704225581,-105.0437321489,POINT (-105.0437321489 39.5704225581)
Poison Ivy,43.4632868926,-80.2556696814,POINT (-80.25566968139999 43.4632868926)
Poison Ivy,45.5064483333,-73.876115,POINT (-73.876115 45.5064483333)
Poison Ivy,45.5552207316,-74.4528805666,POINT (-74.4528805666 45.5552207316)
Poison Ivy,50.14443594,-96.84056789,POINT (-96.84056789 50.14443594)
Poison Ivy,44.27979667,-78.13398617,POINT (-78.13398617 44.27979667)
Poison Ivy,38.8536565612,-107.6374754963,POINT (-107.6374754963 38.8536565612)
Poison Ivy,45.0312563889,-73.0729130556,POINT (-73.0729130556 45.0312563889)
Poison Ivy,48.3442054512,-89.2827521135,POINT (-89.2827521135 48.3442054512)
Poison Ivy,46.7839246004,-86.1711021152,POINT (-86.1711021152 46.7839246004)
Poison Ivy,51.9086325574,-106.7215870453,POINT (-106.7215870453 51.9086325574)
Poison Ivy,50.7806805556,-121.0808944444,POINT (-121.0808944444 50.7806805556)
Poison Ivy,45.376897,-75.286613,POINT (-75.286613 45.376897)
Poison Ivy,46.2120629,-82.0709696,POINT (-82.0709696 46.2120629)
Poison Ivy,38.8537160308,-107.6366143395,POINT (-107.6366143395 38.8537160308)
Poison Ivy,47.6424728008,-117.2923245561,POINT (-117.2923245561 47.6424728008)
Poison Ivy,38.67337833,-100.91816667,POINT (-100.91816667 38.67337833)
Poison Ivy,46.5159066667,-64.1116133333,POINT (-64.1116133333 46.5159066667)
Poison Ivy,44.6027417448,-79.9353056346,POINT (-79.9353056346 44.6027417448)
Poison Ivy,46.8613292568,-71.1998870596,POINT (-71.1998870596 46.8613292568)
Poison Ivy,44.7798050311,-76.22907473,POINT (-76.22907472999999 44.7798050311)
Poison Ivy,43.2670738315,-81.8120775057,POINT (-81.8120775057 43.2670738315)
Poison Ivy,39.9897491708,-105.2888543131,POINT (-105.2888543131 39.9897491708)
Poison Ivy,46.33187565,-83.91808738,POINT (-83.91808738 46.33187565)
Poison Ivy,48.3685546619,-89.592209574,POINT (-89.59220957399999 48.3685546619)
Poison Ivy,43.4473374301,-117.117369864,POINT (-117.117369864 43.4473374301)
Poison Ivy,39.97448333,-105.26753833,POINT (-105.26753833 39.97448333)
Poison Ivy,45.3767878635,-75.2384087594,POINT (-75.2384087594 45.3767878635)
Poison Ivy,39.99743333,-105.29213667,POINT (-105.29213667 39.99743333)
Poison Ivy,50.79372,-103.8910819722,POINT (-103.8910819722 50.79372)
Poison Ivy,44.09704655,-77.9812199625,POINT (-77.98121996250001 44.09704655)
Poison Ivy,40.7858324974,-111.8829888769,POINT (-111.8829888769 40.7858324974)
Poison Ivy,45.018975,-78.62607,POINT (-78.62607 45.018975)
Poison Ivy,45.0531508215,-93.097552769,POINT (-93.097552769 45.0531508215)
Poison Ivy,43.6644206087,-79.5067503415,POINT (-79.50675034149999 43.6644206087)
Poison Ivy,44.2663391336,-94.0019285852,POINT (-94.00192858520001 44.2663391336)
Poison Ivy,41.2982753,-89.0685372,POINT (-89.06853719999999 41.2982753)
Poison Ivy,43.2377258146,-81.8430540338,POINT (-81.8430540338 43.2377258146)
Poison Ivy,45.48029667,-76.22098667,POINT (-76.22098667 45.48029667)
Poison Ivy,45.3160529,-79.9454962,POINT (-79.94549619999999 45.3160529)
Poison Ivy,43.2042748889,-79.7994243889,POINT (-79.79942438889999 43.2042748889)
Poison Ivy,43.2836569332,-81.8004397675,POINT (-81.8004397675 43.2836569332)
Poison Ivy,41.18431386,-73.82693539,POINT (-73.82693539 41.18431386)
Poison Ivy,43.7017278446,-79.3293053798,POINT (-79.3293053798 43.7017278446)
Poison Ivy,44.5462861111,-78.4986861111,POINT (-78.4986861111 44.5462861111)
Poison Ivy,44.79592745,-81.18987339,POINT (-81.18987339 44.79592745)
Virginia Creeper,33.093202063,-97.1218471333,POINT (-97.12184713329999 33.093202063)
Virginia Creeper,28.5959535833,-81.2919069722,POINT (-81.2919069722 28.5959535833)
Virginia Creeper,31.63010496,-94.64417479,POINT (-94.64417478999999 31.63010496)
Virginia Creeper,41.8579053783,-70.5273009372,POINT (-70.5273009372 41.8579053783)
Virginia Creeper,38.733207488,-77.707416438,POINT (-77.707416438 38.733207488)
Virginia Creeper,35.95124667,-83.86516667,POINT (-83.86516666999999 35.95124667)
Virginia Creeper,35.94940477,-83.86489767,POINT (-83.86489767 35.94940477)
Virginia Creeper,44.9910852604,-64.1432590954,POINT (-64.1432590954 44.9910852604)
Virginia Creeper,42.1619739,-71.042551,POINT (-71.042551 42.1619739)
Virginia Creeper,44.7898138035,-92.9646575265,POINT (-92.96465752650001 44.7898138035)
Virginia Creeper,32.449021,-94.606638,POINT (-94.606638 32.449021)
Virginia Creeper,39.6089358538,-76.778603734,POINT (-76.778603734 39.6089358538)
Virginia Creeper,25.8199268089,-80.1318358532,POINT (-80.1318358532 25.8199268089)
Virginia Creeper,34.1261969135,-81.3613748924,POINT (-81.36137489239999 34.1261969135)
Virginia Creeper,41.5421055556,-81.6309916667,POINT (-81.6309916667 41.5421055556)
Virginia Creeper,33.14388333,-96.81674167,POINT (-96.81674167 33.14388333)
Virginia Creeper,39.5130197302,-84.7298083384,POINT (-84.72980833840001 39.5130197302)
Virginia Creeper,35.78713833,-78.77426167,POINT (-78.77426167 35.78713833)
Virginia Creeper,48.4226213668,10.8909487689,POINT (10.8909487689 48.4226213668)
Virginia Creeper,30.4450282781,-84.2992128433,POINT (-84.2992128433 30.4450282781)
Virginia Creeper,33.3119544027,-96.7300852527,POINT (-96.73008525269999 33.3119544027)
Virginia Creeper,33.06927217,-96.67218,POINT (-96.67218 33.06927217)
Virginia Creeper,38.5628176395,-75.6127672817,POINT (-75.6127672817 38.5628176395)
Virginia Creeper,25.682125,-80.27268833,POINT (-80.27268832999999 25.682125)
Virginia Creeper,41.2376040077,-73.4687090281,POINT (-73.46870902809999 41.2376040077)
Virginia Creeper,44.0111833226,-73.1812774464,POINT (-73.1812774464 44.0111833226)
Virginia Creeper,33.16094717,-96.61713333,POINT (-96.61713333 33.16094717)
Virginia Creeper,33.16148883,-96.61930833,POINT (-96.61930833 33.16148883)
Virginia Creeper,41.775774085,-72.8353808542,POINT (-72.8353808542 41.775774085)
Virginia Creeper,39.6692239121,-79.9563674257,POINT (-79.95636742569999 39.6692239121)
Virginia Creeper,27.2043305556,-82.4969,POINT (-82.4969 27.2043305556)
Virginia Creeper,37.2881833399,-80.1022456912,POINT (-80.1022456912 37.2881833399)
Virginia Creeper,33.7759161301,-83.7359244922,POINT (-83.7359244922 33.7759161301)
Virginia Creeper,34.3303238208,-82.3880374435,POINT (-82.3880374435 34.3303238208)
Virginia Creeper,45.6868325512,9.2979788035,POINT (9.2979788035 45.6868325512)
Virginia Creeper,45.6881539886,9.2968365178,POINT (9.296836517799999 45.6881539886)
Virginia Creeper,28.6060116111,-81.2921831667,POINT (-81.2921831667 28.6060116111)
Virginia Creeper,38.6798651,-75.47820193,POINT (-75.47820193 38.6798651)
Virginia Creeper,39.5,-84.73,POINT (-84.73 39.5)
Virginia Creeper,39.1399446304,-84.5177988796,POINT (-84.51779887959999 39.1399446304)
Virginia Creeper,35.71119653,-88.82445375,POINT (-88.82445375 35.71119653)
Virginia Creeper,32.92809096,-96.78722151,POINT (-96.78722150999999 32.92809096)
Virginia Creeper,32.9341700813,-96.8512865827,POINT (-96.8512865827 32.9341700813)
Virginia Creeper,32.9341700813,-96.8512865827,POINT (-96.8512865827 32.9341700813)
Virginia Creeper,40.4539954948,-85.5030081687,POINT (-85.50300816870001 40.4539954948)
Virginia Creeper,37.0426317,-94.522494,POINT (-94.52249399999999 37.0426317)
Virginia Creeper,40.5965648114,-74.2687477888,POINT (-74.2687477888 40.5965648114)
Virginia Creeper,33.270171204,-97.0557314336,POINT (-97.0557314336 33.270171204)
Virginia Creeper,37.2412402835,-80.4200506211,POINT (-80.4200506211 37.2412402835)
Virginia Creeper,34.7202419722,-86.643129,POINT (-86.643129 34.7202419722)
Virginia Creeper,40.98413891,-73.8839211,POINT (-73.88392109999999 40.98413891)
Virginia Creeper,30.320819783,-81.6733440997,POINT (-81.6733440997 30.320819783)
Virginia Creeper,30.320819783,-81.6733440997,POINT (-81.6733440997 30.320819783)
Virginia Creeper,39.9402941458,-86.2655908073,POINT (-86.2655908073 39.9402941458)
Virginia Creeper,35.9081848052,-79.0611525642,POINT (-79.0611525642 35.9081848052)
Virginia Creeper,35.0871733333,-82.481085,POINT (-82.48108499999999 35.0871733333)
Virginia Creeper,38.7445027643,-77.1752220203,POINT (-77.1752220203 38.7445027643)
Virginia Creeper,40.8254095,-72.6097576,POINT (-72.60975759999999 40.8254095)
Virginia Creeper,39.2743535433,-76.7778992002,POINT (-76.7778992002 39.2743535433)
Virginia Creeper,35.9564735,-83.8667995,POINT (-83.8667995 35.9564735)
Virginia Creeper,27.8665982598,-82.139075589,POINT (-82.139075589 27.8665982598)
Virginia Creeper,40.69769653,-73.8593534666,POINT (-73.8593534666 40.69769653)
Virginia Creeper,30.4632528878,-97.8100500084,POINT (-97.8100500084 30.4632528878)
Virginia Creeper,43.03138617,-76.14012217,POINT (-76.14012217 43.03138617)
Virginia Creeper,25.71602,-80.150725,POINT (-80.15072499999999 25.71602)
Virginia Creeper,39.1412334144,-84.518013876,POINT (-84.518013876 39.1412334144)
Virginia Creeper,33.161062254,-96.6197310717,POINT (-96.6197310717 33.161062254)
Virginia Creeper,39.1412355984,-84.5177127836,POINT (-84.5177127836 39.1412355984)
Virginia Creeper,49.2364222222,-121.9613333333,POINT (-121.9613333333 49.2364222222)
Virginia Creeper,33.158261,-96.615741,POINT (-96.615741 33.158261)
Virginia Creeper,27.232373,-80.305564,POINT (-80.305564 27.232373)
Virginia Creeper,41.4208156362,-81.4156474361,POINT (-81.4156474361 41.4208156362)
Virginia Creeper,32.6878252774,-84.6227606644,POINT (-84.6227606644 32.6878252774)
Virginia Creeper,38.68535971,-75.77047079,POINT (-75.77047079 38.68535971)
Virginia Creeper,32.8496698201,-96.87341095,POINT (-96.87341094999999 32.8496698201)
Virginia Creeper,37.2221364156,-80.4124830973,POINT (-80.4124830973 37.2221364156)
Virginia Creeper,35.6718961997,-85.3493897997,POINT (-85.34938979970001 35.6718961997)
Virginia Creeper,32.7200888889,-97.3632222222,POINT (-97.36322222219999 32.7200888889)
Virginia Creeper,32.7196944444,-97.3627888889,POINT (-97.3627888889 32.7196944444)
Virginia Creeper,32.7199638889,-97.361925,POINT (-97.361925 32.7199638889)
Virginia Creeper,32.7199638889,-97.361925,POINT (-97.361925 32.7199638889)
Virginia Creeper,35.1910581771,-80.8431002933,POINT (-80.8431002933 35.1910581771)
Virginia Creeper,33.7055617096,-96.9827099458,POINT (-96.9827099458 33.7055617096)
Virginia Creeper,30.30345833,-97.79554667,POINT (-97.79554666999999 30.30345833)
Virginia Creeper,39.4452133364,-8.4491188929,POINT (-8.4491188929 39.4452133364)
Virginia Creeper,35.7628566817,-78.712516368,POINT (-78.712516368 35.7628566817)
Virginia Creeper,31.2328113383,-92.42436382,POINT (-92.42436382 31.2328113383)
Virginia Creeper,45.5285089312,9.1961528413,POINT (9.1961528413 45.5285089312)
Virginia Creeper,39.3791724982,-84.4290824492,POINT (-84.4290824492 39.3791724982)
Virginia Creeper,29.901179267,-95.3389700207,POINT (-95.3389700207 29.901179267)
Virginia Creeper,36.8670937488,-83.8855370005,POINT (-83.88553700049999 36.8670937488)
Virginia Creeper,42.4021984646,-83.9250327804,POINT (-83.9250327804 42.4021984646)
Virginia Creeper,45.1579365833,10.77872475,POINT (10.77872475 45.1579365833)
Virginia Creeper,42.6907166597,-84.4202157681,POINT (-84.42021576809999 42.6907166597)
Virginia Creeper,33.035701708,-97.0454719736,POINT (-97.0454719736 33.035701708)
Virginia Creeper,41.6179998006,-93.7845973978,POINT (-93.7845973978 41.6179998006)
Virginia Creeper,32.8818963049,-96.6052702815,POINT (-96.6052702815 32.8818963049)
Virginia Creeper,33.5333786812,-84.3181548548,POINT (-84.3181548548 33.5333786812)
Virginia Creeper,30.3133067594,-81.7028012491,POINT (-81.70280124910001 30.3133067594)
Virginia Creeper,45.538304814,9.2085661216,POINT (9.208566121600001 45.538304814)
Virginia Creeper,45.692208,9.046031,POINT (9.046030999999999 45.692208)
Virginia Creeper,32.6857510822,-97.3841823141,POINT (-97.3841823141 32.6857510822)
Virginia Creeper,42.2808908428,-83.727022521,POINT (-83.72702252099999 42.2808908428)
Virginia Creeper,36.913655,-83.91416167,POINT (-83.91416167 36.913655)
Virginia Creeper,38.6900145701,-83.6131834053,POINT (-83.61318340530001 38.6900145701)
Virginia Creeper,45.5383106092,9.2088674758,POINT (9.2088674758 45.5383106092)
Virginia Creeper,29.3776777658,-95.6022555991,POINT (-95.6022555991 29.3776777658)
Virginia Creeper,32.9232883333,-96.9388333333,POINT (-96.9388333333 32.9232883333)
Virginia Creeper,42.95348822,-74.39411692,POINT (-74.39411692 42.95348822)
Virginia Creeper,33.0618097778,-96.9865155,POINT (-96.9865155 33.0618097778)
Virginia Creeper,30.4191833059,-97.7748459842,POINT (-97.7748459842 30.4191833059)
Virginia Creeper,45.96206,10.3047966667,POINT (10.3047966667 45.96206)
Virginia Creeper,33.2314333333,-97.1058583333,POINT (-97.10585833330001 33.2314333333)
Virginia Creeper,33.4228816667,-97.0486216667,POINT (-97.0486216667 33.4228816667)
Virginia Creeper,33.26041167,-97.06341667,POINT (-97.06341667 33.26041167)
Virginia Creeper,40.5985333333,-79.1245277778,POINT (-79.1245277778 40.5985333333)
Virginia Creeper,33.0419861111,-96.6683222222,POINT (-96.6683222222 33.0419861111)
Virginia Creeper,41.66657859,-74.403870469,POINT (-74.403870469 41.66657859)
Virginia Creeper,30.5022909025,-87.3932776319,POINT (-87.39327763190001 30.5022909025)
Virginia Creeper,33.6046559722,-91.1602319722,POINT (-91.16023197219999 33.6046559722)
Virginia Creeper,33.4333746735,-84.4739521129,POINT (-84.47395211289999 33.4333746735)
Virginia Creeper,33.1815797244,-96.6380384059,POINT (-96.63803840590001 33.1815797244)
Virginia Creeper,32.8563430815,-96.7094597337,POINT (-96.7094597337 32.8563430815)
Virginia Creeper,37.36467533,-77.49748767,POINT (-77.49748767 37.36467533)
Virginia Creeper,33.0339487616,-96.6614595238,POINT (-96.6614595238 33.0339487616)
Virginia Creeper,33.91217,-83.30294333,POINT (-83.30294333000001 33.91217)
Virginia Creeper,29.595682239,-82.4376465578,POINT (-82.43764655779999 29.595682239)
Virginia Creeper,33.1886194395,-96.7030229383,POINT (-96.70302293829999 33.1886194395)
Virginia Creeper,45.1578827197,10.778265819,POINT (10.778265819 45.1578827197)
Virginia Creeper,39.132094336,-84.4130348707,POINT (-84.4130348707 39.132094336)
Virginia Creeper,33.036155,-96.6650616667,POINT (-96.6650616667 33.036155)
Virginia Creeper,42.99118973,-76.15706098,POINT (-76.15706098 42.99118973)
Virginia Creeper,33.0555194084,-96.1012924186,POINT (-96.1012924186 33.0555194084)
Virginia Creeper,33.16149167,-96.61923833,POINT (-96.61923833 33.16149167)
Virginia Creeper,-34.6521,19.53767167,POINT (19.53767167 -34.6521)
Virginia Creeper,28.541490621,-81.3375665041,POINT (-81.3375665041 28.541490621)
Virginia Creeper,34.8835714,-83.8728377,POINT (-83.87283770000001 34.8835714)
Virginia Creeper,30.2743279889,-97.7701145438,POINT (-97.77011454380001 30.2743279889)
Virginia Creeper,32.876305,-97.166755,POINT (-97.16675499999999 32.876305)
Virginia Creeper,30.406577,-97.7522463,POINT (-97.7522463 30.406577)
Virginia Creeper,32.682718,-97.1745829722,POINT (-97.1745829722 32.682718)
Virginia Creeper,49.1306178378,-122.7236640128,POINT (-122.7236640128 49.1306178378)
Virginia Creeper,33.02380283,-97.14596667,POINT (-97.14596667000001 33.02380283)
Virginia Creeper,33.1331638333,-97.1544028333,POINT (-97.1544028333 33.1331638333)
Virginia Creeper,33.939180129,-83.9428263993,POINT (-83.9428263993 33.939180129)
Virginia Creeper,32.6080516667,-97.5188616667,POINT (-97.5188616667 32.6080516667)
Virginia Creeper,32.5874776813,-97.0999778342,POINT (-97.0999778342 32.5874776813)
Virginia Creeper,32.5876139291,-97.0998308995,POINT (-97.09983089950001 32.5876139291)
Virginia Creeper,36.6154329514,-78.3027282952,POINT (-78.3027282952 36.6154329514)
Virginia Creeper,39.42006333,-84.50047167,POINT (-84.50047167 39.42006333)
Virginia Creeper,33.81840975,-84.55163385,POINT (-84.55163385 33.81840975)
Virginia Creeper,42.2366947939,-94.0116453744,POINT (-94.0116453744 42.2366947939)
Virginia Creeper,41.5422735829,-93.5774992035,POINT (-93.5774992035 41.5422735829)
Virginia Creeper,32.84450333,-79.85913,POINT (-79.85912999999999 32.84450333)
Virginia Creeper,39.11174423,-76.51259459,POINT (-76.51259459000001 39.11174423)
Virginia Creeper,44.0088844587,-91.4671310908,POINT (-91.4671310908 44.0088844587)
Virginia Creeper,38.8561395083,-76.9839530799,POINT (-76.9839530799 38.8561395083)
Virginia Creeper,33.5555532999,-84.6259637597,POINT (-84.6259637597 33.5555532999)
Virginia Creeper,35.3494337676,-80.9467387123,POINT (-80.9467387123 35.3494337676)
Virginia Creeper,32.67979167,-97.18402833,POINT (-97.18402833 32.67979167)
Virginia Creeper,29.8187470662,-96.1075290335,POINT (-96.1075290335 29.8187470662)
Virginia Creeper,29.6434800213,-82.3450791904,POINT (-82.3450791904 29.6434800213)
Virginia Creeper,29.644181357,-82.3452816517,POINT (-82.34528165170001 29.644181357)
Virginia Creeper,39.1663242297,-86.523918093,POINT (-86.52391809300001 39.1663242297)
Virginia Creeper,39.1653968779,-86.5251216325,POINT (-86.5251216325 39.1653968779)
Virginia Creeper,39.1651792324,-86.5247319296,POINT (-86.52473192959999 39.1651792324)
Virginia Creeper,33.03418,-96.659952,POINT (-96.659952 33.03418)
Virginia Creeper,32.7848603441,-97.0278177783,POINT (-97.0278177783 32.7848603441)
Virginia Creeper,30.6655938734,-96.3177045564,POINT (-96.3177045564 30.6655938734)
Virginia Creeper,43.0341876236,-81.2779397922,POINT (-81.2779397922 43.0341876236)
Virginia Creeper,32.598655656,-97.1367894691,POINT (-97.13678946909999 32.598655656)
Virginia Creeper,42.0278444444,-93.6342805556,POINT (-93.6342805556 42.0278444444)
Virginia Creeper,35.9024029576,-79.0626368441,POINT (-79.0626368441 35.9024029576)
Virginia Creeper,32.8762546135,-97.166732736,POINT (-97.166732736 32.8762546135)
Virginia Creeper,32.95609669,-96.93411676,POINT (-96.93411675999999 32.95609669)
Virginia Creeper,39.3132546,-82.1046662,POINT (-82.1046662 39.3132546)
Virginia Creeper,41.4393930007,-81.8520212924,POINT (-81.8520212924 41.4393930007)
Virginia Creeper,33.25885833,-97.06178333,POINT (-97.06178333 33.25885833)
Virginia Creeper,32.3186751273,-96.9512629352,POINT (-96.95126293520001 32.3186751273)
Virginia Creeper,41.9866036535,-91.6754703875,POINT (-91.6754703875 41.9866036535)
Virginia Creeper,35.915977092,-79.043733353,POINT (-79.04373335299999 35.915977092)
Virginia Creeper,29.642905,-82.34510833,POINT (-82.34510833 29.642905)
Virginia Creeper,33.0242750841,-80.0765586366,POINT (-80.0765586366 33.0242750841)
Virginia Creeper,39.2648423474,-84.4636409692,POINT (-84.4636409692 39.2648423474)
Virginia Creeper,28.0842456,-82.5566249,POINT (-82.5566249 28.0842456)
Virginia Creeper,32.934313,-97.1943219722,POINT (-97.1943219722 32.934313)
Virginia Creeper,36.087021839,-94.2317583869,POINT (-94.2317583869 36.087021839)
Virginia Creeper,39.5466533344,-76.1969198089,POINT (-76.19691980890001 39.5466533344)
Virginia Creeper,33.161672,-96.61926667,POINT (-96.61926667 33.161672)
Virginia Creeper,42.70934289,-85.46034893,POINT (-85.46034892999999 42.70934289)
Virginia Creeper,39.2755730286,-84.38443232,POINT (-84.38443232 39.2755730286)
Virginia Creeper,41.729095,-73.935745,POINT (-73.935745 41.729095)
Virginia Creeper,35.91180833,-79.06891667,POINT (-79.06891666999999 35.91180833)
Virginia Creeper,30.8511270862,-83.2882195339,POINT (-83.2882195339 30.8511270862)
Virginia Creeper,30.8508193866,-83.2881909516,POINT (-83.2881909516 30.8508193866)
Virginia Creeper,39.56741333,-104.96524167,POINT (-104.96524167 39.56741333)
Virginia Creeper,33.0897783333,-96.7947466667,POINT (-96.79474666669999 33.0897783333)
Virginia Creeper,40.1620734,-74.5348706,POINT (-74.5348706 40.1620734)
Virginia Creeper,33.0897783333,-96.7947466667,POINT (-96.79474666669999 33.0897783333)
Virginia Creeper,33.9140446146,-83.3190659491,POINT (-83.31906594909999 33.9140446146)
Virginia Creeper,33.5252118318,-81.9672639168,POINT (-81.96726391679999 33.5252118318)
Virginia Creeper,33.0618373677,-96.9900191669,POINT (-96.9900191669 33.0618373677)
Virginia Creeper,33.38205833,-97.57904167,POINT (-97.57904167 33.38205833)
Virginia Creeper,32.7782888296,-97.1197368159,POINT (-97.1197368159 32.7782888296)
Virginia Creeper,35.51869167,-82.972175,POINT (-82.97217499999999 35.51869167)
Virginia Creeper,44.356958,-78.295195,POINT (-78.29519500000001 44.356958)
Virginia Creeper,32.985357153,-96.6277831297,POINT (-96.62778312970001 32.985357153)
Virginia Creeper,44.3816488563,-72.9475835246,POINT (-72.94758352460001 44.3816488563)
Virginia Creeper,40.6002823926,-79.1673050121,POINT (-79.1673050121 40.6002823926)
Virginia Creeper,32.7567576757,-97.1387477406,POINT (-97.1387477406 32.7567576757)
Virginia Creeper,32.819038,-96.727713,POINT (-96.72771299999999 32.819038)
Virginia Creeper,42.24247364,-71.84703378,POINT (-71.84703378 42.24247364)
Virginia Creeper,32.9863225999,-96.628177586,POINT (-96.62817758600001 32.9863225999)
Virginia Creeper,32.3117822904,-97.0159697905,POINT (-97.01596979049999 32.3117822904)
Virginia Creeper,35.1097254822,-80.8331478118,POINT (-80.8331478118 35.1097254822)
Virginia Creeper,30.8505817596,-83.2886220329,POINT (-83.28862203289999 30.8505817596)
Virginia Creeper,30.8506270638,-83.2885552292,POINT (-83.2885552292 30.8506270638)
Virginia Creeper,30.8504974377,-83.2884894312,POINT (-83.28848943120001 30.8504974377)
Virginia Creeper,29.97027167,-95.59652833,POINT (-95.59652833 29.97027167)
Virginia Creeper,32.67787,-97.4756783333,POINT (-97.4756783333 32.67787)
Virginia Creeper,35.9257961344,-79.0543821082,POINT (-79.0543821082 35.9257961344)
Virginia Creeper,40.67041333,-73.469505,POINT (-73.469505 40.67041333)
Virginia Creeper,35.8354491,-78.7518051,POINT (-78.7518051 35.8354491)
Virginia Creeper,35.9239470028,-79.0478647594,POINT (-79.0478647594 35.9239470028)
Virginia Creeper,36.0732578,-78.8633528,POINT (-78.8633528 36.0732578)
Virginia Creeper,33.158638,-96.81565333,POINT (-96.81565333 33.158638)
Virginia Creeper,34.981365,-81.9572716667,POINT (-81.9572716667 34.981365)
Virginia Creeper,35.806104,-78.7057868,POINT (-78.7057868 35.806104)
Virginia Creeper,40.012729643,-75.3323104978,POINT (-75.33231049779999 40.012729643)
Virginia Creeper,33.381156145,-97.0319827874,POINT (-97.0319827874 33.381156145)
Virginia Creeper,38.549295,-77.97358667,POINT (-77.97358667 38.549295)
Virginia Creeper,45.5212358779,-73.7496753213,POINT (-73.7496753213 45.5212358779)
Virginia Creeper,36.8933202234,-76.0647064448,POINT (-76.0647064448 36.8933202234)
Virginia Creeper,38.70038335,-90.08256532,POINT (-90.08256532 38.70038335)
Virginia Creeper,35.1326032682,-85.3224847187,POINT (-85.3224847187 35.1326032682)
Virginia Creeper,42.0900803575,-87.7417817187,POINT (-87.7417817187 42.0900803575)
Virginia Creeper,39.5313331849,-84.3192536022,POINT (-84.31925360220001 39.5313331849)
Virginia Creeper,25.6202223052,-80.3770265224,POINT (-80.3770265224 25.6202223052)
Virginia Creeper,33.0469839516,-97.0567545006,POINT (-97.05675450059999 33.0469839516)
Virginia Creeper,33.0750983333,-96.66022,POINT (-96.66022 33.0750983333)
Virginia Creeper,32.6996888889,-96.70275,POINT (-96.70274999999999 32.6996888889)
Virginia Creeper,42.1211508552,-71.165765628,POINT (-71.165765628 42.1211508552)
Virginia Creeper,42.66468619,-72.32367318,POINT (-72.32367318 42.66468619)
Virginia Creeper,39.5007366667,-84.7343311111,POINT (-84.7343311111 39.5007366667)
Virginia Creeper,38.0690355116,-81.0826544836,POINT (-81.0826544836 38.0690355116)
Virginia Creeper,39.816847248,-86.2041373831,POINT (-86.2041373831 39.816847248)
Virginia Creeper,32.7854767582,-97.1160613653,POINT (-97.1160613653 32.7854767582)
Virginia Creeper,39.7613302605,-86.4236377546,POINT (-86.42363775459999 39.7613302605)
Virginia Creeper,36.18079775,-83.86057775,POINT (-83.86057775 36.18079775)
Virginia Creeper,33.02367783,-97.14600283,POINT (-97.14600283 33.02367783)
Bramble,43.11760283,-76.25233333,POINT (-76.25233333 43.11760283)
Bramble,40.83906667,-74.401895,POINT (-74.401895 40.83906667)
Bramble,44.1531430814,-78.4648529798,POINT (-78.4648529798 44.1531430814)
Bramble,42.3207675565,-83.6990757536,POINT (-83.6990757536 42.3207675565)
Bramble,42.68181167,-84.41516167,POINT (-84.41516167 42.68181167)
Bramble,42.97186599,-81.18739007,POINT (-81.18739007000001 42.97186599)
Bramble,42.7734492363,-84.483422161,POINT (-84.48342216099999 42.7734492363)
Bramble,42.721152691,-85.4935612353,POINT (-85.49356123530001 42.721152691)
Bramble,40.4258685738,-86.9080654532,POINT (-86.9080654532 40.4258685738)
Bramble,43.0342662305,-81.2782748524,POINT (-81.2782748524 43.0342662305)
Bramble,42.4029250144,-83.5256715047,POINT (-83.5256715047 42.4029250144)
Bramble,42.6872440498,-84.4034272561,POINT (-84.4034272561 42.6872440498)
Bramble,39.3460245151,-82.0271957294,POINT (-82.02719572940001 39.3460245151)
Bramble,43.4443745278,-88.1353728889,POINT (-88.13537288889999 43.4443745278)
Bramble,39.2421213889,-84.1969747222,POINT (-84.1969747222 39.2421213889)
Bramble,39.6163682075,-78.3495046452,POINT (-78.3495046452 39.6163682075)
Bramble,42.6926683333,-71.8808283333,POINT (-71.8808283333 42.6926683333)
Bramble,42.46681822,-83.96332591,POINT (-83.96332590999999 42.46681822)
Bramble,42.47470559,-83.37985877,POINT (-83.37985877 42.47470559)
Bramble,40.0841334746,-80.8802270796,POINT (-80.8802270796 40.0841334746)
Bramble,42.59611,-72.4958216667,POINT (-72.4958216667 42.59611)
Bramble,41.5603370742,-83.8391937209,POINT (-83.8391937209 41.5603370742)
Bramble,39.8807725,-86.1164766667,POINT (-86.1164766667 39.8807725)
Bramble,42.9911348637,-85.7326698303,POINT (-85.7326698303 42.9911348637)
Bramble,44.3074027778,-78.4601972222,POINT (-78.46019722219999 44.3074027778)
Bramble,42.9800292415,-81.3655875595,POINT (-81.3655875595 42.9800292415)
Bramble,39.338725,-82.026825,POINT (-82.026825 39.338725)
Bramble,41.4778308902,-73.5214170343,POINT (-73.5214170343 41.4778308902)
Bramble,42.77784667,-81.21078667,POINT (-81.21078667 42.77784667)
Bramble,42.66555,-71.247025,POINT (-71.24702499999999 42.66555)
Bramble,40.422855,-80.15660833,POINT (-80.15660833 40.422855)
Bramble,40.3673766481,-80.0521966059,POINT (-80.05219660589999 40.3673766481)
Bramble,40.7256934573,-84.2009032206,POINT (-84.2009032206 40.7256934573)
Bramble,40.502137204,-88.9794440401,POINT (-88.97944404010001 40.502137204)
Bramble,43.0365850497,-79.8727644484,POINT (-79.87276444840001 43.0365850497)
Bramble,39.312069132,-82.1042924747,POINT (-82.1042924747 39.312069132)
Bramble,42.51758351,-83.09312935,POINT (-83.09312935 42.51758351)
Bramble,43.5841833333,-79.7096333333,POINT (-79.7096333333 43.5841833333)
Bramble,42.96342167,-85.70468833,POINT (-85.70468833 42.96342167)
Bramble,40.2057346879,-74.4788272828,POINT (-74.4788272828 40.2057346879)
Bramble,43.454175,-72.56411167,POINT (-72.56411167 43.454175)
Bramble,41.381395,-83.65801167,POINT (-83.65801166999999 41.381395)
Bramble,43.3031992778,-80.3973522778,POINT (-80.3973522778 43.3031992778)
Bramble,42.7025316667,-72.3173366667,POINT (-72.3173366667 42.7025316667)
Bramble,39.9785756087,-83.0007933453,POINT (-83.0007933453 39.9785756087)
Bramble,41.20109167,-87.99614667,POINT (-87.99614667 41.20109167)
Bramble,42.1352293905,-83.2291861251,POINT (-83.2291861251 42.1352293905)
Bramble,40.6223454713,-74.4965446628,POINT (-74.49654466280001 40.6223454713)
Bramble,37.8234568957,-81.2157789229,POINT (-81.2157789229 37.8234568957)
Bramble,40.6353260779,-74.491649927,POINT (-74.491649927 40.6353260779)
Bramble,43.2817088333,-79.9007299722,POINT (-79.9007299722 43.2817088333)
Bramble,42.9428400056,-82.2369300574,POINT (-82.2369300574 42.9428400056)
Bramble,42.9476506,-85.5488073,POINT (-85.54880730000001 42.9476506)
Bramble,44.2964944444,-78.0942388889,POINT (-78.09423888889999 44.2964944444)
Bramble,44.0416618869,-79.4461301342,POINT (-79.4461301342 44.0416618869)
Bramble,44.3703194444,-79.6901861111,POINT (-79.6901861111 44.3703194444)
Bramble,40.33148667,-80.70766333,POINT (-80.70766333 40.33148667)
Bramble,42.4858692,-83.1052028,POINT (-83.1052028 42.4858692)
Bramble,41.26400833,-83.16462783,POINT (-83.16462783 41.26400833)
Bramble,40.466349,-86.641489,POINT (-86.64148900000001 40.466349)
Bramble,41.657486835,-83.6989219987,POINT (-83.6989219987 41.657486835)
Bramble,42.9269685139,-85.4220257314,POINT (-85.4220257314 42.9269685139)
Bramble,41.0688001395,-74.8538705366,POINT (-74.8538705366 41.0688001395)
Bramble,42.2818333333,-83.7170333333,POINT (-83.71703333329999 42.2818333333)
Bramble,43.08737986,-77.80386816,POINT (-77.80386815999999 43.08737986)
Bramble,40.8723292686,-96.1440682971,POINT (-96.14406829710001 40.8723292686)
Bramble,41.0327199,-85.16317015,POINT (-85.16317015 41.0327199)
Bramble,43.6077381902,-79.541004339,POINT (-79.541004339 43.6077381902)
Bramble,40.6792661129,-95.6942941191,POINT (-95.69429411909999 40.6792661129)
Bramble,39.657397678,-83.753092289,POINT (-83.75309228899999 39.657397678)
Bramble,41.2644138889,-85.4717277778,POINT (-85.4717277778 41.2644138889)
Bramble,42.3049487898,-83.6379939748,POINT (-83.6379939748 42.3049487898)
Bramble,42.3049644592,-83.6379383122,POINT (-83.63793831220001 42.3049644592)
Bramble,42.3045836248,-83.6378906705,POINT (-83.6378906705 42.3045836248)
Bramble,42.3049656592,-83.6379977454,POINT (-83.6379977454 42.3049656592)
Bramble,44.58247215,-80.62599319,POINT (-80.62599319 44.58247215)
Bramble,42.3049299317,-83.6379452614,POINT (-83.63794526140001 42.3049299317)
Bramble,45.273595,-75.794013,POINT (-75.79401300000001 45.273595)
Bramble,40.7784783333,-89.63588,POINT (-89.63588 40.7784783333)
Bramble,40.8382383611,-73.6897905556,POINT (-73.6897905556 40.8382383611)
Bramble,40.6816634407,-74.3811344728,POINT (-74.3811344728 40.6816634407)
Bramble,44.7963527778,-81.1888305556,POINT (-81.18883055560001 44.7963527778)
Bramble,43.3198088584,-80.3755489141,POINT (-80.37554891409999 43.3198088584)
Bramble,42.6565658333,-71.0821213889,POINT (-71.08212138890001 42.6565658333)
Bramble,43.7047222222,-79.34,POINT (-79.34 43.7047222222)
Bramble,40.7787518995,-73.9680265915,POINT (-73.96802659150001 40.7787518995)
Bramble,44.3934374167,-79.6545705,POINT (-79.65457050000001 44.3934374167)
Bramble,38.7812287555,-77.800533249,POINT (-77.800533249 38.7812287555)
Bramble,45.36089,-75.7624780556,POINT (-75.7624780556 45.36089)
Bramble,44.1162287661,-79.4856010883,POINT (-79.4856010883 44.1162287661)
Bramble,35.49005309,-82.98003688,POINT (-82.98003688 35.49005309)
Bramble,40.8071732419,-74.6091416559,POINT (-74.6091416559 40.8071732419)
Bramble,42.464555,-71.45073,POINT (-71.45072999999999 42.464555)
Bramble,45.397877,-75.8141729722,POINT (-75.8141729722 45.397877)
Bramble,41.5808781982,-87.1700797231,POINT (-87.1700797231 41.5808781982)
Bramble,42.11415833,-88.1634,POINT (-88.1634 42.11415833)
Bramble,43.0711178435,-80.3192408849,POINT (-80.3192408849 43.0711178435)
Bramble,45.1526916667,-64.4768361111,POINT (-64.4768361111 45.1526916667)
Bramble,41.79393617,-93.42838271,POINT (-93.42838270999999 41.79393617)
Bramble,42.13654501,-83.35483896,POINT (-83.35483896 42.13654501)
Bramble,43.7034661637,-79.9635969847,POINT (-79.9635969847 43.7034661637)
Bramble,40.3457083333,-89.1390416667,POINT (-89.1390416667 40.3457083333)
Bramble,41.5881248117,-85.0258302801,POINT (-85.0258302801 41.5881248117)
Bramble,41.5237220032,-87.2777120887,POINT (-87.2777120887 41.5237220032)
Bramble,41.127670359,-74.2376132996,POINT (-74.2376132996 41.127670359)
Bramble,42.3117684757,-88.2256004582,POINT (-88.22560045820001 42.3117684757)
Bramble,41.316498681,-72.9721331131,POINT (-72.9721331131 41.316498681)
Bramble,40.4565512688,-74.4351108781,POINT (-74.43511087810001 40.4565512688)
Bramble,45.3341733474,-75.9150072642,POINT (-75.9150072642 45.3341733474)
Bramble,40.0885108,-82.4100934,POINT (-82.41009339999999 40.0885108)
Bramble,42.04139439,-80.06790289,POINT (-80.06790289 42.04139439)
Bramble,41.8258531049,-87.825740017,POINT (-87.825740017 41.8258531049)
Bramble,44.02204895,-79.34004211,POINT (-79.34004211 44.02204895)
Bramble,41.6836460278,-89.3537195,POINT (-89.3537195 41.6836460278)
Bramble,41.68360475,-89.3537364444,POINT (-89.3537364444 41.68360475)
Bramble,42.4986679549,-83.7648158897,POINT (-83.7648158897 42.4986679549)
Bramble,42.7010154866,-84.3760160227,POINT (-84.3760160227 42.7010154866)
Bramble,43.0571621182,-79.2912612398,POINT (-79.29126123979999 43.0571621182)
Bramble,39.975042335,-86.1705934256,POINT (-86.1705934256 39.975042335)
Bramble,45.0232013889,-73.0822680556,POINT (-73.0822680556 45.0232013889)
Bramble,38.9697555556,-78.5648638889,POINT (-78.56486388890001 38.9697555556)
Bramble,45.50314,-76.103767,POINT (-76.103767 45.50314)
Bramble,41.6736873097,-87.8523906971,POINT (-87.85239069710001 41.6736873097)
Bramble,45.1352696775,-75.6344550031,POINT (-75.6344550031 45.1352696775)
Bramble,42.4774982389,-83.9982750259,POINT (-83.9982750259 42.4774982389)
Bramble,43.3812942362,-80.3756607159,POINT (-80.3756607159 43.3812942362)
Bramble,39.93798,-86.0390083333,POINT (-86.0390083333 39.93798)
Bramble,42.2,-87.8,POINT (-87.8 42.2)
Bramble,44.28646167,-78.04268617,POINT (-78.04268617 44.28646167)
Bramble,37.0525597017,-82.7939990535,POINT (-82.7939990535 37.0525597017)
Bramble,39.2293206339,-77.0345405138,POINT (-77.0345405138 39.2293206339)
Bramble,41.5678085931,-90.4770072753,POINT (-90.4770072753 41.5678085931)
Bramble,39.4531990075,-88.2024931778,POINT (-88.20249317779999 39.4531990075)
Bramble,42.3994483333,-73.3452416667,POINT (-73.34524166670001 42.3994483333)
Bramble,45.7419182805,-94.2699352522,POINT (-94.2699352522 45.7419182805)
Bramble,40.6667412,-77.9072823,POINT (-77.90728230000001 40.6667412)
Bramble,41.721296047,-72.9037936156,POINT (-72.90379361559999 41.721296047)
Bramble,40.4211998502,-82.1762258563,POINT (-82.17622585629999 40.4211998502)
Bramble,38.7803384676,-77.8025140632,POINT (-77.80251406319999 38.7803384676)
Bramble,42.164425,-75.87373333,POINT (-75.87373332999999 42.164425)
Bramble,40.3632819,-75.30542253,POINT (-75.30542253 40.3632819)
Bramble,40.677625,-74.3933027778,POINT (-74.3933027778 40.677625)
Bramble,41.044750213,-74.2628990408,POINT (-74.26289904079999 41.044750213)
Bramble,45.3727497222,-75.7979080556,POINT (-75.7979080556 45.3727497222)
Bramble,42.6648874971,-83.6943265835,POINT (-83.6943265835 42.6648874971)
Bramble,38.6491575698,-90.2529662569,POINT (-90.2529662569 38.6491575698)
Bramble,37.0019622951,-80.0260682837,POINT (-80.0260682837 37.0019622951)
Bramble,40.2960957222,-80.8468658056,POINT (-80.8468658056 40.2960957222)
Bramble,41.7355837327,-88.1666667479,POINT (-88.1666667479 41.7355837327)
Bramble,38.512099148,-85.8626569918,POINT (-85.86265699179999 38.512099148)
Bramble,42.6312708948,-70.9210756235,POINT (-70.9210756235 42.6312708948)
Bramble,41.87246667,-87.953125,POINT (-87.953125 41.87246667)
Bramble,40.9246218636,-74.2862995689,POINT (-74.28629956890001 40.9246218636)
Bramble,41.30985,-81.33243667,POINT (-81.33243667000001 41.30985)
Bramble,42.4695548279,-83.3813296133,POINT (-83.3813296133 42.4695548279)
Bramble,39.12259151,-77.13331908,POINT (-77.13331908000001 39.12259151)
Bramble,43.1503439,-93.1850267,POINT (-93.18502669999999 43.1503439)
Bramble,44.29850333,-78.04595283,POINT (-78.04595283 44.29850333)
Bramble,42.4467138341,-83.7983915304,POINT (-83.7983915304 42.4467138341)
Bramble,42.4463530351,-83.7971332391,POINT (-83.79713323910001 42.4463530351)
Bramble,42.3155824375,-83.693246171,POINT (-83.693246171 42.3155824375)
Bramble,40.0681661869,-75.217489247,POINT (-75.217489247 40.0681661869)
Bramble,45.5171230792,-95.0078676268,POINT (-95.00786762680001 45.5171230792)
Bramble,40.43795333,-86.90045833,POINT (-86.90045833000001 40.43795333)
Bramble,41.299448598,-73.9714121674,POINT (-73.9714121674 41.299448598)
Bramble,36.7062007613,-80.810907041,POINT (-80.81090704099999 36.7062007613)
Bramble,38.4288530331,-77.5270532538,POINT (-77.52705325380001 38.4288530331)
Bramble,42.2567636883,-88.2329620378,POINT (-88.23296203779999 42.2567636883)
Bramble,42.5760666667,-80.5339972222,POINT (-80.5339972222 42.5760666667)
Bramble,40.4597967,-86.9359134,POINT (-86.9359134 40.4597967)
Bramble,40.6395793,-89.038242,POINT (-89.038242 40.6395793)
Bramble,42.5585823548,-83.0605428664,POINT (-83.0605428664 42.5585823548)
Bramble,42.259821,-88.468617,POINT (-88.46861699999999 42.259821)
Bramble,39.1450295,-77.3028646,POINT (-77.30286460000001 39.1450295)
Bramble,43.0425655,-85.2668761,POINT (-85.2668761 43.0425655)
Bramble,42.0115241428,-74.1325840112,POINT (-74.1325840112 42.0115241428)
Bramble,45.3732180556,-75.798115,POINT (-75.798115 45.3732180556)
Bramble,40.9064858349,-73.3102064065,POINT (-73.3102064065 40.9064858349)
Bramble,41.7616726226,-72.5080268831,POINT (-72.5080268831 41.7616726226)
Bramble,40.2699661111,-75.0757446111,POINT (-75.07574461110001 40.2699661111)
Bramble,40.2961712778,-80.8467625833,POINT (-80.84676258330001 40.2961712778)
Bramble,37.7925196182,-88.9450074692,POINT (-88.94500746919999 37.7925196182)
Bramble,39.08101329,-92.31945247,POINT (-92.31945247 39.08101329)
Bramble,42.272533592,-83.7665410825,POINT (-83.7665410825 42.272533592)
Bramble,39.4603537842,-82.2518769743,POINT (-82.2518769743 39.4603537842)
Bramble,41.8,-88.44,POINT (-88.44 41.8)
Bramble,39.8692469739,-86.026917434,POINT (-86.026917434 39.8692469739)
Bramble,42.1437515081,-88.0919818723,POINT (-88.0919818723 42.1437515081)
Bramble,42.3636788721,-88.1296714273,POINT (-88.1296714273 42.3636788721)
Bramble,35.9746064716,-82.6699468866,POINT (-82.6699468866 35.9746064716)
Bramble,35.9425348288,-82.7157368883,POINT (-82.7157368883 35.9425348288)
Bramble,42.7750619722,-83.7317199722,POINT (-83.7317199722 42.7750619722)
Bramble,42.3789599037,-84.0801611915,POINT (-84.0801611915 42.3789599037)
Bramble,39.9980299611,-83.2343282028,POINT (-83.2343282028 39.9980299611)
Bramble,41.9185017222,-91.41362,POINT (-91.41361999999999 41.9185017222)
Bramble,,,POINT (nan nan)
Bramble,39.8750253087,-86.0057539296,POINT (-86.0057539296 39.8750253087)
Bramble,42.9896292324,-85.7330805437,POINT (-85.7330805437 42.9896292324)
Bramble,42.44990333,-89.08485283,POINT (-89.08485283 42.44990333)
Bramble,43.2501396666,-79.9504519147,POINT (-79.9504519147 43.2501396666)
Bramble,44.6152030863,-75.7131887879,POINT (-75.71318878789999 44.6152030863)
Bramble,42.3559777778,-88.0911638889,POINT (-88.0911638889 42.3559777778)
Bramble,42.42210833,-83.97657833,POINT (-83.97657833 42.42210833)
Bramble,42.698196411,-85.4117084069,POINT (-85.4117084069 42.698196411)
Bramble,42.5388726186,-84.1018758437,POINT (-84.1018758437 42.5388726186)
Bramble,42.518325109,-84.0489774349,POINT (-84.0489774349 42.518325109)
Bramble,40.51751667,-86.80539667,POINT (-86.80539666999999 40.51751667)
Bramble,40.5047733011,-80.3606744763,POINT (-80.36067447630001 40.5047733011)
Bramble,41.5231461832,-87.229285311,POINT (-87.229285311 41.5231461832)
Bramble,42.8249505914,-83.8135643189,POINT (-83.81356431890001 42.8249505914)
Bramble,41.98311626,-88.40467348,POINT (-88.40467348 41.98311626)
Bramble,42.2769331951,-87.8407590464,POINT (-87.8407590464 42.2769331951)
Bramble,41.4805730096,-90.4131228849,POINT (-90.41312288490001 41.4805730096)
Bramble,42.1933801043,-88.3140366743,POINT (-88.3140366743 42.1933801043)
Bramble,41.161101063,-81.604563469,POINT (-81.604563469 41.161101063)
Bramble,40.8474867693,-73.2936572259,POINT (-73.29365722590001 40.8474867693)
Bramble,42.28610076,-83.79109972,POINT (-83.79109972000001 42.28610076)
Bramble,43.1527228609,-85.3161290649,POINT (-85.3161290649 43.1527228609)
Bramble,42.3267553468,-83.8535518293,POINT (-83.8535518293 42.3267553468)
Bramble,42.3270500964,-83.853087891,POINT (-83.853087891 42.3270500964)
Bramble,41.8193716667,-88.047595,POINT (-88.047595 41.8193716667)
Bramble,41.0785338,-85.1873188,POINT (-85.1873188 41.0785338)
Bramble,42.4487174192,-82.9103386799,POINT (-82.91033867989999 42.4487174192)
Bramble,38.5909458259,-92.2342027713,POINT (-92.2342027713 38.5909458259)
Bramble,45.4358300007,-73.5829376681,POINT (-73.5829376681 45.4358300007)
Bramble,39.9602566235,-85.9442504668,POINT (-85.9442504668 39.9602566235)
Bramble,39.8731925805,-86.0180175585,POINT (-86.01801755850001 39.8731925805)
Bramble,41.3619722222,-88.4304194444,POINT (-88.4304194444 41.3619722222)
Bramble,39.9435097013,-91.37650921,POINT (-91.37650920999999 39.9435097013)
Bramble,35.3265409,-83.1220074,POINT (-83.1220074 35.3265409)
Bramble,40.9167537745,-81.529588122,POINT (-81.52958812200001 40.9167537745)
Bramble,42.4179522973,-89.0859830473,POINT (-89.0859830473 42.4179522973)
Bramble,45.368599,-75.749859,POINT (-75.749859 45.368599)
Bramble,40.7454158333,-74.3050113333,POINT (-74.3050113333 40.7454158333)
Bramble,42.8269638479,-77.1013623408,POINT (-77.10136234079999 42.8269638479)
Bramble,38.961095,-77.314575,POINT (-77.314575 38.961095)
Bramble,43.2529765,-79.9680544,POINT (-79.9680544 43.2529765)
Bramble,41.5701674536,-87.2986787256,POINT (-87.2986787256 41.5701674536)
Bramble,45.499994,-75.499677,POINT (-75.49967700000001 45.499994)
Bramble,37.5087595086,-88.5807616226,POINT (-88.58076162259999 37.5087595086)
Bramble,39.63201063,-83.16198424,POINT (-83.16198424 39.63201063)
Bramble,39.9867570939,-80.4504581541,POINT (-80.45045815410001 39.9867570939)
Bramble,42.3437230617,-72.5681998478,POINT (-72.5681998478 42.3437230617)
Bramble,44.6138206833,-73.2950857216,POINT (-73.2950857216 44.6138206833)
Bramble,42.310275,-83.72174667,POINT (-83.72174667 42.310275)
Bramble,37.5916455098,-77.3325915958,POINT (-77.3325915958 37.5916455098)
Bramble,40.7388496389,-86.0714492778,POINT (-86.0714492778 40.7388496389)
Bramble,42.9214860369,-83.7062176475,POINT (-83.7062176475 42.9214860369)
Bramble,39.3219048056,-76.6339015833,POINT (-76.6339015833 39.3219048056)
Bramble,41.2045045797,-75.9090698982,POINT (-75.9090698982 41.2045045797)
Box Elder,42.9423098671,-85.6584810491,POINT (-85.6584810491 42.9423098671)
Box Elder,53.256872471,34.3839946442,POINT (34.3839946442 53.256872471)
Box Elder,44.4130392071,-72.9947935617,POINT (-72.99479356170001 44.4130392071)
Box Elder,54.3607236713,56.1657159403,POINT (56.1657159403 54.3607236713)
Box Elder,44.4132378186,-72.9957474489,POINT (-72.9957474489 44.4132378186)
Box Elder,48.6392936706,44.8774070739,POINT (44.8774070739 48.6392936706)
Box Elder,57.98624803,56.24635302,POINT (56.24635302 57.98624803)
Box Elder,58.0466922222,38.8647876667,POINT (38.8647876667 58.0466922222)
Box Elder,49.8976740488,-97.1148480847,POINT (-97.1148480847 49.8976740488)
Box Elder,46.24286048,-63.12718765,POINT (-63.12718765 46.24286048)
Box Elder,39.52216418,-84.73143414,POINT (-84.73143414 39.52216418)
Box Elder,45.4810171345,-73.581409393,POINT (-73.581409393 45.4810171345)
Box Elder,42.3614595497,-88.8440419555,POINT (-88.8440419555 42.3614595497)
Box Elder,40.7319555301,-111.8476341292,POINT (-111.8476341292 40.7319555301)
Box Elder,38.1,-87.54,POINT (-87.54000000000001 38.1)
Box Elder,40.5242153693,-75.0631703057,POINT (-75.0631703057 40.5242153693)
Box Elder,40.5423189467,-79.9061909226,POINT (-79.9061909226 40.5423189467)
Box Elder,50.6481869374,-104.8680180142,POINT (-104.8680180142 50.6481869374)
Box Elder,43.106758579,-77.5124979416,POINT (-77.5124979416 43.106758579)
Box Elder,36.69817481,-99.14502735,POINT (-99.14502735000001 36.69817481)
Box Elder,43.4702771902,-80.5193743297,POINT (-80.5193743297 43.4702771902)
Box Elder,40.2392466001,-111.4561513105,POINT (-111.4561513105 40.2392466001)
Box Elder,42.5795954238,-76.2176260401,POINT (-76.2176260401 42.5795954238)
Box Elder,45.5092847058,-73.5745135546,POINT (-73.5745135546 45.5092847058)
Box Elder,45.5087381418,-73.5756829175,POINT (-73.5756829175 45.5087381418)
Box Elder,52.28061333,104.25865333,POINT (104.25865333 52.28061333)
Box Elder,51.9198183333,35.0091383333,POINT (35.0091383333 51.9198183333)
Box Elder,44.5489366667,-93.1585416667,POINT (-93.1585416667 44.5489366667)
Box Elder,43.2094489844,-79.9505534023,POINT (-79.9505534023 43.2094489844)
Box Elder,41.6087438713,-88.1810951605,POINT (-88.18109516050001 41.6087438713)
Box Elder,39.4656956708,-77.805301007,POINT (-77.805301007 39.4656956708)
Box Elder,39.6086216667,-86.2366783333,POINT (-86.23667833330001 39.6086216667)
Box Elder,45.6651653818,9.2959755287,POINT (9.2959755287 45.6651653818)
Box Elder,39.1397215847,-84.5183285816,POINT (-84.5183285816 39.1397215847)
Box Elder,53.26060546,26.44741734,POINT (26.44741734 53.26060546)
Box Elder,43.08043746,-88.04599274,POINT (-88.04599274 43.08043746)
Box Elder,48.4149418598,-89.2630261605,POINT (-89.2630261605 48.4149418598)
Box Elder,53.3646166402,34.0187260792,POINT (34.0187260792 53.3646166402)
Box Elder,58.0618133333,38.2390212778,POINT (38.2390212778 58.0618133333)
Box Elder,41.55744654,-75.7740504527,POINT (-75.7740504527 41.55744654)
Box Elder,35.71117423,-88.82445437,POINT (-88.82445437 35.71117423)
Box Elder,58.0652618333,38.2490119722,POINT (38.2490119722 58.0652618333)
Box Elder,44.26418,4.34667,POINT (4.34667 44.26418)
Box Elder,39.6673785556,-105.2565257778,POINT (-105.2565257778 39.6673785556)
Box Elder,54.2051279147,37.6184913889,POINT (37.6184913889 54.2051279147)
Box Elder,55.9001189722,37.67166,POINT (37.67166 55.9001189722)
Box Elder,45.4380987125,-73.7169621885,POINT (-73.71696218850001 45.4380987125)
Box Elder,33.16176117,-96.61721167,POINT (-96.61721167 33.16176117)
Box Elder,43.1703424756,-88.0880010501,POINT (-88.0880010501 43.1703424756)
Box Elder,38.81168667,-90.01226112,POINT (-90.01226112000001 38.81168667)
Box Elder,37.2083891742,-80.1034601872,POINT (-80.1034601872 37.2083891742)
Box Elder,45.5122053794,-73.5794657841,POINT (-73.57946578409999 45.5122053794)
Box Elder,39.9854294925,-83.2483789141,POINT (-83.2483789141 39.9854294925)
Box Elder,44.9890441895,-93.3006711053,POINT (-93.3006711053 44.9890441895)
Box Elder,41.557844789,-75.7766585148,POINT (-75.7766585148 41.557844789)
Box Elder,43.034911375,-81.2784378056,POINT (-81.27843780560001 43.034911375)
Box Elder,55.899295,37.6768169722,POINT (37.6768169722 55.899295)
Box Elder,55.7087246,37.5465254,POINT (37.5465254 55.7087246)
Box Elder,53.580556,49.946611,POINT (49.946611 53.580556)
Box Elder,51.7081860127,39.1907937638,POINT (39.1907937638 51.7081860127)
Box Elder,46.86512,-96.45382,POINT (-96.45381999999999 46.86512)
Box Elder,46.86610833,-96.45365333,POINT (-96.45365332999999 46.86610833)
Box Elder,51.0530827778,-114.1342819444,POINT (-114.1342819444 51.0530827778)
Box Elder,41.0187940705,-73.8741743942,POINT (-73.8741743942 41.0187940705)
Box Elder,40.81960028,-83.90857559,POINT (-83.90857559 40.81960028)
Box Elder,35.9150628091,-79.0449179035,POINT (-79.04491790349999 35.9150628091)
Box Elder,43.4233397,-87.9556782,POINT (-87.95567819999999 43.4233397)
Box Elder,42.3429428554,-83.5073473771,POINT (-83.5073473771 42.3429428554)
Box Elder,42.4188450538,-71.1343311892,POINT (-71.1343311892 42.4188450538)
Box Elder,43.6993882305,-79.4777268916,POINT (-79.4777268916 43.6993882305)
Box Elder,36.0761208739,-86.8867785205,POINT (-86.8867785205 36.0761208739)
Box Elder,38.6914106364,-89.9959113796,POINT (-89.9959113796 38.6914106364)
Box Elder,40.7726771,-74.5924813,POINT (-74.5924813 40.7726771)
Box Elder,40.7774553705,-74.5922687532,POINT (-74.5922687532 40.7774553705)
Box Elder,55.1362202667,60.1392033333,POINT (60.1392033333 55.1362202667)
Box Elder,35.6873461688,-80.4455824218,POINT (-80.4455824218 35.6873461688)
Box Elder,43.9654785835,-79.2394045087,POINT (-79.23940450870001 43.9654785835)
Box Elder,33.2004937899,-97.1413257559,POINT (-97.1413257559 33.2004937899)
Box Elder,38.9521982801,-77.1118600388,POINT (-77.1118600388 38.9521982801)
Box Elder,56.8073302913,39.6538952126,POINT (39.6538952126 56.8073302913)
Box Elder,56.8039855784,39.6519118085,POINT (39.6519118085 56.8039855784)
Box Elder,41.9999157312,-87.7840212733,POINT (-87.7840212733 41.9999157312)
Box Elder,45.6948696944,9.0473699444,POINT (9.0473699444 45.6948696944)
Box Elder,43.0341428536,-89.3779859493,POINT (-89.3779859493 43.0341428536)
Box Elder,50.3799616124,33.4341707328,POINT (33.4341707328 50.3799616124)
Box Elder,55.9260888472,37.8301278806,POINT (37.8301278806 55.9260888472)
Box Elder,35.9560457464,-83.868612151,POINT (-83.86861215099999 35.9560457464)
Box Elder,55.9284404167,37.8249080639,POINT (37.8249080639 55.9284404167)
Box Elder,41.3191287413,-81.4804017091,POINT (-81.48040170909999 41.3191287413)
Box Elder,44.1482744,-88.2897426,POINT (-88.2897426 44.1482744)
Box Elder,46.1470342532,-60.1691447816,POINT (-60.1691447816 46.1470342532)
Box Elder,45.6909714829,9.046330601,POINT (9.046330600999999 45.6909714829)
Box Elder,45.6908205829,9.0463947546,POINT (9.0463947546 45.6908205829)
Box Elder,55.171770383,61.3393792445,POINT (61.3393792445 55.171770383)
Box Elder,43.2476829369,-80.0062485459,POINT (-80.00624854589999 43.2476829369)
Box Elder,39.9431889722,-86.1387409722,POINT (-86.1387409722 39.9431889722)
Box Elder,32.77930833,-96.82440833,POINT (-96.82440833 32.77930833)
Box Elder,37.1923980713,-80.3211135864,POINT (-80.3211135864 37.1923980713)
Box Elder,32.85106994,-96.72905544,POINT (-96.72905544 32.85106994)
Box Elder,39.8110624231,-75.4820036382,POINT (-75.4820036382 39.8110624231)
Box Elder,40.3,-74.88,POINT (-74.88 40.3)
Box Elder,40.5238278878,-74.492717664,POINT (-74.492717664 40.5238278878)
Box Elder,43.26148405,-88.06434339,POINT (-88.06434339 43.26148405)
Box Elder,33.162525,-96.61881333,POINT (-96.61881332999999 33.162525)
Box Elder,33.0382361523,-96.6674627911,POINT (-96.66746279109999 33.0382361523)
Box Elder,55.6774731867,37.5689080614,POINT (37.5689080614 55.6774731867)
Box Elder,39.0428992268,-77.2940025648,POINT (-77.2940025648 39.0428992268)
Box Elder,33.1874324601,-96.6461752638,POINT (-96.6461752638 33.1874324601)
Box Elder,33.186518723,-96.6455364315,POINT (-96.64553643150001 33.186518723)
Box Elder,33.1867976672,-96.6455153013,POINT (-96.64551530129999 33.1867976672)
Box Elder,42.9912850354,-76.1570402329,POINT (-76.1570402329 42.9912850354)
Box Elder,42.9889398627,-76.1588895322,POINT (-76.15888953220001 42.9889398627)
Box Elder,42.1130726397,-88.4883940315,POINT (-88.48839403149999 42.1130726397)
Box Elder,42.8928716393,-85.4727547841,POINT (-85.4727547841 42.8928716393)
Box Elder,33.25558833,-96.52058667,POINT (-96.52058667 33.25558833)
Box Elder,32.5879419549,-97.101623118,POINT (-97.10162311800001 32.5879419549)
Box Elder,33.1974217837,-96.6613929881,POINT (-96.6613929881 33.1974217837)
Box Elder,42.2511995044,-83.6290671782,POINT (-83.6290671782 42.2511995044)
Box Elder,35.4822259166,-81.0094503653,POINT (-81.0094503653 35.4822259166)
Box Elder,43.0104971448,-76.1103301378,POINT (-76.11033013780001 43.0104971448)
Box Elder,29.8821796107,-97.9353208181,POINT (-97.9353208181 29.8821796107)
Box Elder,42.1761402162,-83.6488292926,POINT (-83.6488292926 42.1761402162)
Box Elder,39.1664306,-86.5307564,POINT (-86.5307564 39.1664306)
Box Elder,55.8813562813,37.6945769414,POINT (37.6945769414 55.8813562813)
Box Elder,58.5251986748,31.2810469698,POINT (31.2810469698 58.5251986748)
Box Elder,52.2724896968,104.2985250056,POINT (104.2985250056 52.2724896968)
Box Elder,42.9660138889,-77.4141083333,POINT (-77.41410833330001 42.9660138889)
Box Elder,32.3301779383,-96.6539133115,POINT (-96.65391331150001 32.3301779383)
Box Elder,32.7880933369,-97.1010707506,POINT (-97.1010707506 32.7880933369)
Box Elder,33.25586667,-97.05210833,POINT (-97.05210833 33.25586667)
Box Elder,33.25883833,-97.06179717,POINT (-97.06179717000001 33.25883833)
Box Elder,42.4512882869,-76.4735403493,POINT (-76.4735403493 42.4512882869)
Box Elder,45.6045962387,-62.6361134406,POINT (-62.6361134406 45.6045962387)
Box Elder,40.4045099541,-111.6048150502,POINT (-111.6048150502 40.4045099541)
Box Elder,51.45713949,-112.69000085,POINT (-112.69000085 51.45713949)
Box Elder,55.384624512,86.1063802242,POINT (86.1063802242 55.384624512)
Box Elder,33.16194799,-96.61725607,POINT (-96.61725607 33.16194799)
Box Elder,33.163555,-96.62033833,POINT (-96.62033833 33.163555)
Box Elder,40.6398249335,-75.379890176,POINT (-75.379890176 40.6398249335)
Box Elder,39.0726366687,-84.4554526428,POINT (-84.4554526428 39.0726366687)
Box Elder,56.8058991627,39.5713500496,POINT (39.5713500496 56.8058991627)
Box Elder,40.8148605,-77.8322611,POINT (-77.8322611 40.8148605)
Box Elder,56.8050585954,39.5703644006,POINT (39.5703644006 56.8050585954)
Box Elder,40.2707997269,-82.4639170288,POINT (-82.4639170288 40.2707997269)
Box Elder,33.1623555556,-96.6170222222,POINT (-96.61702222220001 33.1623555556)
Box Elder,32.8490706766,-97.4871950225,POINT (-97.4871950225 32.8490706766)
Box Elder,56.803263,39.570122,POINT (39.570122 56.803263)
Box Elder,43.5291442778,-80.5337829444,POINT (-80.5337829444 43.5291442778)
Box Elder,42.1505780099,-83.3454094269,POINT (-83.34540942690001 42.1505780099)
Box Elder,38.4765886423,-90.8242020943,POINT (-90.82420209430001 38.4765886423)
Box Elder,39.9743002514,-82.0606529341,POINT (-82.06065293410001 39.9743002514)
Box Elder,54.6930678836,55.8392723277,POINT (55.8392723277 54.6930678836)
Box Elder,39.0694094709,-77.1094940362,POINT (-77.1094940362 39.0694094709)
Box Elder,39.2507077716,-76.8459105039,POINT (-76.8459105039 39.2507077716)
Box Elder,41.35623667,-81.59674167,POINT (-81.59674167 41.35623667)
Box Elder,32.985096979,-96.6279620212,POINT (-96.62796202120001 32.985096979)
Box Elder,42.449808768,-76.4748091624,POINT (-76.47480916240001 42.449808768)
Box Elder,46.8661447619,-96.7798952713,POINT (-96.77989527130001 46.8661447619)
Box Elder,35.3696678819,-80.7121714007,POINT (-80.7121714007 35.3696678819)
Box Elder,40.6305407695,-75.1407042934,POINT (-75.14070429340001 40.6305407695)
Box Elder,46.8667633333,-96.4510633333,POINT (-96.4510633333 46.8667633333)
Box Elder,52.4922083333,13.3247533333,POINT (13.3247533333 52.4922083333)
Box Elder,34.9082825845,-82.2820412926,POINT (-82.2820412926 34.9082825845)
Box Elder,46.86678667,-96.45206333,POINT (-96.45206333 46.86678667)
Box Elder,38.9425158408,-77.1855722675,POINT (-77.18557226750001 38.9425158408)
Box Elder,38.7687984637,-77.5985827559,POINT (-77.5985827559 38.7687984637)
Box Elder,32.9862935111,-96.6283986552,POINT (-96.6283986552 32.9862935111)
Box Elder,32.9850997607,-96.6278772784,POINT (-96.62787727840001 32.9850997607)
Box Elder,52.2159255389,104.3323427167,POINT (104.3323427167 52.2159255389)
Box Elder,52.4432133291,13.2408216553,POINT (13.2408216553 52.4432133291)
Box Elder,40.3613333211,-74.9457275785,POINT (-74.9457275785 40.3613333211)
Box Elder,42.1903388889,-88.02085,POINT (-88.02085 42.1903388889)
Box Elder,39.69109667,-84.02934167,POINT (-84.02934166999999 39.69109667)
Box Elder,37.3053963614,-78.4190235893,POINT (-78.4190235893 37.3053963614)
Box Elder,33.1996868536,-96.6621919158,POINT (-96.66219191579999 33.1996868536)
Box Elder,32.7910327865,-97.1184159257,POINT (-97.11841592570001 32.7910327865)
Box Elder,41.9293639359,-87.6389098004,POINT (-87.6389098004 41.9293639359)
Box Elder,36.0732578,-78.8633528,POINT (-78.8633528 36.0732578)
Box Elder,41.9570614266,-86.3071172654,POINT (-86.3071172654 41.9570614266)
Box Elder,43.2618714798,-79.8506282796,POINT (-79.8506282796 43.2618714798)
Box Elder,31.0034852737,-96.7611570331,POINT (-96.76115703310001 31.0034852737)
Box Elder,43.1390566093,-80.7660099301,POINT (-80.7660099301 43.1390566093)
Box Elder,44.3587738448,-78.1973123627,POINT (-78.1973123627 44.3587738448)
Box Elder,44.8369167154,-93.3702144089,POINT (-93.3702144089 44.8369167154)
Box Elder,37.599995,-89.18158667,POINT (-89.18158667 37.599995)
Box Elder,40.407713796,-74.9829037395,POINT (-74.9829037395 40.407713796)
Box Elder,41.3820772665,-75.6544671022,POINT (-75.6544671022 41.3820772665)
Box Elder,39.7309,-84.127725,POINT (-84.127725 39.7309)
Box Elder,46.4718800683,-86.9959259033,POINT (-86.99592590330001 46.4718800683)
Box Elder,49.98525,36.37994,POINT (36.37994 49.98525)
Box Elder,49.9846726869,36.3834557016,POINT (36.3834557016 49.9846726869)
Box Elder,55.6297569722,37.5238719722,POINT (37.5238719722 55.6297569722)
Box Elder,45.4698004,-73.2867073,POINT (-73.2867073 45.4698004)
Box Elder,37.2091533847,-80.4906253411,POINT (-80.4906253411 37.2091533847)
Box Elder,34.14959717,-118.5011,POINT (-118.5011 34.14959717)
Box Elder,56.3114083707,43.8491710648,POINT (43.8491710648 56.3114083707)
Box Elder,40.8140582359,-81.5852772352,POINT (-81.5852772352 40.8140582359)
Box Elder,46.3424995638,-64.5291299745,POINT (-64.52912997449999 46.3424995638)
Box Elder,42.3262245833,-76.813907,POINT (-76.813907 42.3262245833)
Box Elder,45.41881667,-75.66713667,POINT (-75.66713667 45.41881667)
Box Elder,55.8244444444,37.4611111111,POINT (37.4611111111 55.8244444444)
Box Elder,37.4742131285,-122.2233360679,POINT (-122.2233360679 37.4742131285)
Box Elder,53.7270146919,87.0905215304,POINT (87.0905215304 53.7270146919)
Box Elder,42.12292783,-98.0289695,POINT (-98.0289695 42.12292783)
Box Elder,33.26391667,-97.06095,POINT (-97.06095000000001 33.26391667)
Box Elder,56.2075380833,42.7879307778,POINT (42.7879307778 56.2075380833)
Box Elder,41.4477472147,-72.7027440257,POINT (-72.7027440257 41.4477472147)
Box Elder,36.1405799722,-82.416076,POINT (-82.416076 36.1405799722)
Box Elder,42.540803589,-73.3339653724,POINT (-73.3339653724 42.540803589)
Box Elder,40.6134006565,-79.1648613829,POINT (-79.1648613829 40.6134006565)
Box Elder,38.86894667,-77.62637,POINT (-77.62636999999999 38.86894667)
Box Elder,52.27205,104.29862167,POINT (104.29862167 52.27205)
Box Elder,40.2656607531,-111.6222659204,POINT (-111.6222659204 40.2656607531)
Box Elder,40.0845595258,-80.880055502,POINT (-80.880055502 40.0845595258)
Box Elder,37.131422,-94.4411012,POINT (-94.44110120000001 37.131422)
Box Elder,40.3227484,-75.4130165,POINT (-75.4130165 40.3227484)
Box Elder,44.9528545172,-93.3367911258,POINT (-93.3367911258 44.9528545172)
Box Elder,40.9063995506,-74.0261871087,POINT (-74.0261871087 40.9063995506)
Box Elder,56.782469,39.535564,POINT (39.535564 56.782469)
Box Elder,37.4707225347,-82.5428500558,POINT (-82.5428500558 37.4707225347)
Box Elder,42.4526440083,-71.0220774524,POINT (-71.0220774524 42.4526440083)
Box Elder,35.7567455527,-78.5334932619,POINT (-78.53349326190001 35.7567455527)
Box Elder,39.19792325,-87.3012490833,POINT (-87.30124908329999 39.19792325)
Box Elder,43.517221422,-80.234867558,POINT (-80.234867558 43.517221422)
Box Elder,37.7240201,-84.2836735,POINT (-84.28367350000001 37.7240201)
Box Elder,40.9018703056,-83.9087623889,POINT (-83.9087623889 40.9018703056)
Box Elder,41.57682745,12.94826254,POINT (12.94826254 41.57682745)
Box Elder,53.3524169922,83.5815124512,POINT (83.5815124512 53.3524169922)
Box Elder,49.84852167,-97.11811117,POINT (-97.11811117000001 49.84852167)
Box Elder,43.97336916,-79.19368165,POINT (-79.19368165 43.97336916)
Box Elder,43.3520279825,-89.6518798639,POINT (-89.65187986390001 43.3520279825)
Box Elder,39.0215151105,-76.9998561033,POINT (-76.9998561033 39.0215151105)
Box Elder,39.453802256,-80.9430598285,POINT (-80.9430598285 39.453802256)
Box Elder,42.521545,-76.5797966667,POINT (-76.57979666670001 42.521545)
Box Elder,43.7083073056,-90.5844766667,POINT (-90.5844766667 43.7083073056)
Box Elder,40.6669339109,-111.8831889527,POINT (-111.8831889527 40.6669339109)
Box Elder,43.0263743643,-76.1151447148,POINT (-76.1151447148 43.0263743643)
Box Elder,44.303841996,-78.3084484655,POINT (-78.30844846550001 44.303841996)
Box Elder,41.379190467,-82.1081924715,POINT (-82.1081924715 41.379190467)
Box Elder,52.8654179219,-118.0749683085,POINT (-118.0749683085 52.8654179219)
Box Elder,44.7393401358,-81.2896350325,POINT (-81.2896350325 44.7393401358)
Box Elder,41.3790489268,-82.0191198495,POINT (-82.0191198495 41.3790489268)
Box Elder,53.3458540308,83.6938806924,POINT (83.6938806924 53.3458540308)
Box Elder,43.802752822,-79.2250487341,POINT (-79.2250487341 43.802752822)
Box Elder,35.4472434257,-94.4455831252,POINT (-94.4455831252 35.4472434257)
Box Elder,41.9876384906,-88.6709406726,POINT (-88.6709406726 41.9876384906)
Box Elder,44.84579947,-107.35163946,POINT (-107.35163946 44.84579947)
Box Elder,37.5327925196,-77.4716313556,POINT (-77.4716313556 37.5327925196)
Box Elder,41.68686667,-81.30986167,POINT (-81.30986167 41.68686667)
Box Elder,42.03745283,-74.1188055,POINT (-74.11880549999999 42.03745283)
